Symbol,Name,Last Sale,Net Change,% Change,Market Cap,Country,IPO Year,Volume,Sector,Industry
A,Agilent Technologies Inc. Common Stock,$144.52,-2.30,-1.567%,40971481710.00,United States,1999,1430052,Industrials,Biotechnology: Laboratory Analytical Instruments
AA,Alcoa Corporation Common Stock ,$35.78,-1.81,-4.815%,9265733065.00,United States,2016,6727302,Industrials,Aluminum
AAON,AAON Inc. Common Stock,$91.95,-2.09,-2.222%,7506251633.00,United States,,979987,Industrials,Industrial Machinery/Components
ACA,Arcosa Inc. Common Stock ,$97.85,-2.63,-2.617%,4799055696.00,United States,2018,271753,Industrials,Metal Fabrications
ACHR,Archer Aviation Inc. Class A Common Stock,$7.42,-0.46,-5.838%,4832954249.00,United States,2020,66988239,Industrials,Aerospace
ACNT,Ascent Industries Co. Common Stock,$14.01,0.22,1.595%,131201044.00,United States,,137112,Industrials,Steel/Iron Ore
ADP,Automatic Data Processing Inc. Common Stock,$250.90,-2.19,-0.865%,101476189870.00,United States,,1761273,Industrials,Diversified Commercial Services
AEHR,Aehr Test Systems Common Stock,$20.07,-0.27,-1.327%,602232261.00,United States,1997,615261,Industrials,Electrical Products
AESI,Atlas Energy Solutions Inc. Common Stock,$8.55,-0.39,-4.362%,1060047554.00,United States,2023,4231272,Industrials,Mining & Quarrying of Nonmetallic Minerals (No Fuels)
AGCO,AGCO Corporation Common Stock,$102.70,-1.73,-1.657%,7663840228.00,United States,,418282,Industrials,Industrial Machinery/Components
AIR,AAR Corp. Common Stock,$78.95,-2.86,-3.496%,2851081164.00,United States,,305698,Industrials,Aerospace
AIRI,Air Industries Group Common Stock,$2.91,-0.01,-0.342%,13886386.00,United States,,42383,Industrials,Military/Government/Technical
AIRJ,AirJoule Technologies Corporation Class A Common Stock,$4.08,-0.28,-6.422%,246593539.00,United States,2022,198834,Industrials,Industrial Machinery/Components
AIRJW,AirJoule Technologies Corporation Warrant,$0.8531,-0.0669,-7.272%,51561017.00,United States,2022,19434,Industrials,Industrial Machinery/Components
AIRO,AIRO Group Holdings Inc. Common Stock,$10.33,0.23,2.277%,283259911.00,United States,2025,911419,Industrials,Aerospace
ALB,Albemarle Corporation Common Stock,$117.70,2.56,2.223%,13853000458.00,United States,,7463341,Industrials,Major Chemicals
ALG,Alamo Group Inc. Common Stock,$161.66,-0.79,-0.486%,1958580090.00,United States,,211602,Industrials,Industrial Machinery/Components
ALNT,Allient Inc. Common Stock,$50.64,-2.36,-4.453%,858018688.00,United States,,176255,Industrials,Electrical Products
ALTG,Alta Equipment Group Inc. Class A Common Stock,$4.42,-0.21,-4.536%,142479951.00,United States,2019,232730,Industrials,Industrial Machinery/Components
ALTO,Alto Ingredients Inc. Common Stock,$1.99,-0.05,-2.451%,153911551.00,United States,,2066618,Industrials,Major Chemicals
AME,AMETEK Inc.,$191.19,-2.17,-1.122%,44012678479.00,United States,,1656441,Industrials,Industrial Machinery/Components
AMRK,A-Mark Precious Metals Inc. Common Stock,$25.38,0.14,0.555%,625474517.00,United States,,384384,Industrials,Other Specialty Stores
AMTX,Aemetis Inc. (DE) Common Stock,$1.80,-0.12,-6.25%,118023376.00,United States,,980278,Industrials,Major Chemicals
ANDE,Andersons Inc. (The) Common Stock,$49.03,-0.25,-0.507%,1659132201.00,United States,,261421,Industrials,Farming/Seeds/Milling
AP,Ampco-Pittsburgh Corporation Common Stock,$2.68,0.22,8.943%,54474723.00,United States,,394075,Industrials,Fluid Controls
AQMS,Aqua Metals Inc. Common Stock,$6.86,0.50,7.862%,20437744.00,United States,2015,244275,Industrials,Metal Fabrications
ARCB,ArcBest Corporation Common Stock,$62.53,-1.43,-2.236%,1407614143.00,United States,,235116,Industrials,Trucking Freight/Courier Services
AREB,American Rebel Holdings Inc. Common Stock,$1.08,-0.05,-4.425%,6627928.00,United States,,503223,Industrials,Plastic Products
AREBW,American Rebel Holdings Inc. Warrants,$0.027,0.0069,34.328%,165698.00,United States,,7011,Industrials,Plastic Products
ARQ,Arq Inc. Common Stock,$3.51,-0.02,-0.567%,149855533.00,United States,,722789,Industrials,Major Chemicals
ARTW,Art's-Way Manufacturing Co. Inc. Common Stock,$2.17,-0.14,-6.061%,11081830.00,United States,,57513,Industrials,Industrial Machinery/Components
ASA,ASA  Gold and Precious Metals Limited,$46.88,-0.80,-1.678%,884742753.00,United States,,71913,Industrials,Precious Metals
ASIX,AdvanSix Inc. Common Stock ,$14.42,-1.29,-8.211%,387379385.00,United States,2016,336729,Industrials,Major Chemicals
ASPI,ASP Isotopes Inc. Common Stock,$7.24,-0.87,-10.727%,665450909.00,United States,2022,8482460,Industrials,Major Chemicals
ASTC,Astrotech Corporation (DE) Common Stock,$3.335,0.055,1.677%,5866108.00,United States,,34998,Industrials,Biotechnology: Laboratory Analytical Instruments
ASTE,Astec Industries Inc. Common Stock,$42.32,-1.40,-3.202%,968105591.00,United States,1986,258044,Industrials,Construction/Ag Equipment/Trucks
ATI,ATI Inc. Common Stock,$98.75,-0.62,-0.624%,13416536524.00,United States,,1366489,Industrials,Steel/Iron Ore
ATLN,Atlantic International Corp. Common Stock,$2.50,0.01,0.402%,145938720.00,United States,2024,8337,Industrials,Biotechnology: Laboratory Analytical Instruments
ATLX,Atlas Lithium Corporation Common Stock,$4.80,0.43,9.84%,113138136.00,United States,,860646,Industrials,Mining & Quarrying of Nonmetallic Minerals (No Fuels)
ATR,AptarGroup Inc. Common Stock,$119.34,0.73,0.615%,7830989838.00,United States,,820246,Industrials,Plastic Products
ATRO,Astronics Corporation Common Stock,$50.12,-2.03,-3.893%,1785731545.00,United States,,860683,Industrials,Military/Government/Technical
AVAV,AeroVironment Inc. Common Stock,$283.66,-7.55,-2.593%,14163769838.00,United States,2007,668347,Industrials,Aerospace
AVD,American Vanguard Corporation Common Stock ($0.10 Par Value),$4.80,-0.28,-5.512%,136647072.00,United States,1998,198472,Industrials,Agricultural Chemicals
AVNT,Avient Corporation Common Stock,$28.24,-1.05,-3.585%,2585756855.00,United States,,758052,Industrials,Major Chemicals
AVTR,Avantor Inc. Common Stock,$10.88,-0.50,-4.394%,7418145666.00,United States,2019,11372413,Industrials,Biotechnology: Laboratory Analytical Instruments
AWI,Armstrong World Industries Inc Common Stock,$179.87,-2.79,-1.527%,7757440915.00,United States,,312179,Industrials,Plastic Products
AXON,Axon Enterprise Inc. Common Stock,$543.23,-11.14,-2.009%,42866532445.00,United States,2001,811243,Industrials,Ordnance And Accessories
AZZ,AZZ Inc.,$98.60,0.46,0.469%,2963628285.00,United States,,310564,Industrials,Industrial Specialties
BA,Boeing Company (The) Common Stock,$191.81,-2.71,-1.393%,145793911717.00,United States,,5865278,Industrials,Aerospace
BALL,Ball Corporation Common Stock,$47.52,-0.08,-0.168%,12734752314.00,United States,,3054796,Industrials,Containers/Packaging
BC,Brunswick Corporation Common Stock,$62.08,-2.17,-3.377%,4037471507.00,United States,,442140,Industrials,Industrial Machinery/Components
BCO,Brinks Company (The) Common Stock,$108.05,-3.30,-2.964%,4488991923.00,United States,,226240,Industrials,Integrated Freight & Logistics
BCPC,Balchem Corporation Common Stock,$155.53,-1.22,-0.778%,5047756167.00,United States,,217196,Industrials,Major Chemicals
BDC,Belden Inc Common Stock,$108.88,-2.94,-2.629%,4279006756.00,United States,,292591,Industrials,Telecommunications Equipment
BIO,Bio-Rad Laboratories Inc. Class A Common Stock,$304.06,-9.09,-2.903%,8201968330.00,United States,1980,165038,Industrials,Biotechnology: Laboratory Analytical Instruments
BMI,Badger Meter Inc. Common Stock,$174.59,-1.31,-0.745%,5144959189.00,United States,1971,261890,Industrials,Industrial Machinery/Components
BNC,CEA Industries Inc. Common Stock,$4.89,-0.12,-2.395%,210676271.00,United States,,658103,Industrials,Industrial Machinery/Components
BNGO,Bionano Genomics Inc. Common Stock,$1.50,-0.02,-1.316%,15264000.00,United States,2018,362710,Industrials,Biotechnology: Laboratory Analytical Instruments
BOOM,DMC Global Inc. Common Stock,$5.72,-0.15,-2.555%,117777557.00,United States,,149686,Industrials,Industrial Specialties
BRKR,Bruker Corporation Common Stock,$41.77,0.15,0.36%,6346581585.00,United States,,2426921,Industrials,Biotechnology: Laboratory Analytical Instruments
BRKRP,Bruker Corporation 6.375% Mandatory Convertible Preferred Stock Series A,$330.00,6.66,2.06%,50140577520.00,United States,,209,Industrials,Biotechnology: Laboratory Analytical Instruments
BSLK,Bolt Projects Holdings Inc. Common Stock,$1.59,-0.21,-11.667%,6942136.00,United States,2021,110176,Industrials,Major Chemicals
BSLKW,Bolt Projects Holdings Inc. Warrant,$0.021,-0.004,-16.00%,91689.00,United States,2021,25043,Industrials,Major Chemicals
BW,Babcock & Wilcox Enterprises Inc. Common Stock,$6.41,-0.26,-3.898%,712151641.00,United States,2015,3342407,Industrials,Building Products
BWNB,Babcock & Wilcox Enterprises Inc. 6.50% Senior Notes due 2026,$24.53,-0.02,-0.081%,2479922705.00,United States,2021,21572,Industrials,Building Products
BWSN,Babcock & Wilcox Enterprises Inc. 8.125% Senior Notes due 2026,$25.12,-0.0001,0.00%,2539570255.00,United States,2021,4286,Industrials,Building Products
BWXT,BWX Technologies Inc. Common Stock,$176.18,-2.13,-1.195%,16107563758.00,United States,,1382890,Industrials,Industrial Machinery/Components
CARR,Carrier Global Corporation Common Stock ,$53.13,-0.97,-1.793%,44746605665.00,United States,2020,5766631,Industrials,Industrial Machinery/Components
CAT,Caterpillar Inc. Common Stock,$552.05,-1.98,-0.357%,258348135972.00,United States,,1940609,Industrials,Construction/Ag Equipment/Trucks
CBT,Cabot Corporation Common Stock,$59.45,-2.15,-3.49%,3162955447.00,United States,,343180,Industrials,Major Chemicals
CBUS,Cibus Inc. Class A Common Stock,$1.16,-0.06,-4.918%,62968409.00,United States,2017,92019,Industrials,Agricultural Chemicals
CC,Chemours Company (The) Common Stock,$11.25,-0.64,-5.383%,1686284460.00,United States,2015,2746384,Industrials,Major Chemicals
CCK,Crown Holdings Inc.,$95.02,-2.12,-2.182%,10960356888.00,United States,,2226495,Industrials,Containers/Packaging
CDXS,Codexis Inc. Common Stock,$1.57,-0.075,-4.559%,141809281.00,United States,2010,1493277,Industrials,Major Chemicals
CE,Celanese Corporation Common Stock,$36.93,-2.01,-5.162%,4044015735.00,United States,2005,2056450,Industrials,Major Chemicals
CECO,CECO Environmental Corp. Common Stock,$47.44,-2.05,-4.142%,1690810511.00,United States,1998,500084,Industrials,Pollution Control Equipment
CENX,Century Aluminum Company Common Stock,$28.04,-0.74,-2.571%,2617308811.00,United States,1996,1647699,Industrials,Aluminum
CF,CF Industries Holdings Inc. Common Stock,$80.69,-4.35,-5.115%,12585594024.00,United States,2005,2595374,Industrials,Agricultural Chemicals
CGNX,Cognex Corporation Common Stock,$35.98,-0.79,-2.148%,6030177803.00,United States,1989,2194877,Industrials,Industrial Machinery/Components
CHRW,C.H. Robinson Worldwide Inc. Common Stock,$152.64,-0.16,-0.105%,18032458850.00,United States,1997,1200552,Industrials,Integrated Freight & Logistics
CHSCL,CHS Inc Class B Cumulative Redeemable Preferred Stock Series 4,$25.545,0.035,0.137%,313488317.00,United States,,34119,Industrials,Farming/Seeds/Milling
CHSCM,CHS Inc Class B Reset Rate Cumulative Redeemable Preferred Stock Series 3,$25.01,0.00,0.00%,306922795.00,United States,,14698,Industrials,Farming/Seeds/Milling
CHSCN,CHS Inc Preferred Class B Series 2 Reset Rate,$25.2215,0.0915,0.364%,309518324.00,United States,,10585,Industrials,Farming/Seeds/Milling
CHSCO,CHS Inc. Class B Cumulative Redeemable Preferred Stock,$26.25,-0.16,-0.606%,322140079.00,United States,,26048,Industrials,Farming/Seeds/Milling
CHSCP,CHS Inc. 8%  Cumulative Redeemable Preferred Stock,$27.66,-0.17,-0.611%,339443603.00,United States,,7882,Industrials,Farming/Seeds/Milling
CLH,Clean Harbors Inc. Common Stock,$201.73,-4.12,-2.001%,10778804075.00,United States,,363348,Industrials,Environmental Services
CLIR,ClearSign Technologies Corporation Common Stock (DE),$0.8333,-0.0482,-5.468%,43686821.00,United States,2012,112543,Industrials,Industrial Machinery/Components
CMC,Commercial Metals Company Common Stock,$58.83,-0.15,-0.254%,6528252323.00,United States,,891715,Industrials,Steel/Iron Ore
CMCO,Columbus McKinnon Corporation Common Stock,$14.45,-0.50,-3.344%,415123371.00,United States,1996,389885,Industrials,Construction/Ag Equipment/Trucks
CMI,Cummins Inc. Common Stock,$455.98,-6.63,-1.433%,62941770643.00,United States,,608014,Industrials,Industrial Machinery/Components
CMP,Compass Minerals Intl Inc Common Stock,$17.17,-0.61,-3.431%,715794241.00,United States,2003,329956,Industrials,Mining & Quarrying of Nonmetallic Minerals (No Fuels)
CMT,Core Molding Technologies Inc Common Stock,$17.56,-0.98,-5.286%,155544847.00,United States,1996,42206,Industrials,Plastic Products
CODA,Coda Octopus Group Inc. Common stock,$8.08,0.09,1.126%,90890845.00,United States,,34904,Industrials,Industrial Machinery/Components
COHU,Cohu Inc. Common Stock,$21.38,-0.71,-3.214%,998288151.00,United States,,441877,Industrials,Electrical Products
CR,Crane Company Common Stock,$178.86,-4.84,-2.635%,10301779209.00,United States,2023,320111,Industrials,Metal Fabrications
CRS,Carpenter Technology Corporation Common Stock,$332.15,1.65,0.499%,16547321727.00,United States,,1162092,Industrials,Steel/Iron Ore
CSL,Carlisle Companies Incorporated Common Stock,$300.16,-6.38,-2.081%,12542417924.00,United States,,464533,Industrials,Specialty Chemicals
CSW,CSW Industrials Inc. Common Stock,$241.31,-10.08,-4.01%,4026669507.00,United States,,221149,Industrials,Home Furnishings
CSX,CSX Corporation Common Stock,$34.01,-0.89,-2.55%,63331277874.00,United States,,17850369,Industrials,Railroads
CTAS,Cintas Corporation Common Stock,$183.76,-2.96,-1.585%,73847020749.00,United States,1983,2429844,Industrials,Garments and Clothing
CTKB,Cytek Biosciences Inc. Common Stock,$5.29,-0.21,-3.818%,676404951.00,United States,2021,4838218,Industrials,Biotechnology: Laboratory Analytical Instruments
CUB,Lionheart Holdings Class A Ordinary Shares,$10.61,0.00,0.00%,337064591.00,United States,2024,12,Industrials,Industrial Machinery/Components
CVLG,Covenant Logistics Group Inc. Class A Common Stock,$18.63,-0.49,-2.563%,466628926.00,United States,,102710,Industrials,Trucking Freight/Courier Services
CVR,Chicago Rivet & Machine Co. Common Stock,$9.10,0.275,3.116%,8791801.00,United States,1930,7048,Industrials,Industrial Machinery/Components
CVU,CPI Aerostructures Inc. Common Stock,$2.35,-0.04,-1.674%,30622246.00,United States,2022,199263,Industrials,Military/Government/Technical
CXT,Crane NXT Co. Common Stock,$56.59,-2.00,-3.414%,3249513187.00,United States,,398845,Industrials,Metal Fabrications
DAIO,Data I/O Corporation Common Stock,$2.65,-0.07,-2.574%,24888490.00,United States,1981,22175,Industrials,Electrical Products
DCI,Donaldson Company Inc. Common Stock,$84.87,-0.70,-0.818%,9837057389.00,United States,,577913,Industrials,Pollution Control Equipment
DCO,Ducommun Incorporated Common Stock,$88.72,-2.65,-2.90%,1326013733.00,United States,,95250,Industrials,Military/Government/Technical
DD,DuPont de Nemours Inc. Common Stock,$38.65,-1.06,-2.669%,16193396273.00,United States,2017,4443893,Industrials,Major Chemicals
DE,Deere & Company Common Stock,$475.98,-0.25,-0.052%,128671384004.00,United States,,1318379,Industrials,Industrial Machinery/Components
DHR,Danaher Corporation Common Stock,$220.44,-0.77,-0.348%,157846412500.00,United States,,3991158,Industrials,Industrial Machinery/Components
DOV,Dover Corporation Common Stock,$180.05,-3.07,-1.676%,24694437801.00,United States,,2147639,Industrials,Industrial Machinery/Components
DOW,Dow Inc. Common Stock ,$21.67,-1.26,-5.495%,15402329385.00,United States,2019,13066246,Industrials,Major Chemicals
DXPE,DXP Enterprises Inc. Common Stock,$86.97,-3.74,-4.123%,1363627851.00,United States,,408463,Industrials,Industrial Machinery/Components
DY,Dycom Industries Inc. Common Stock,$293.77,2.57,0.883%,8505846251.00,United States,,447579,Industrials,Water Sewer Pipeline Comm & Power Line Construction
ECDA,ECD Automotive Design Inc. Common Stock,$0.71,0.0275,4.029%,1048867.00,United States,2022,250422,Industrials,Auto Manufacturing
ECDAW,ECD Automotive Design Inc. Warrant ,$0.0145,-0.0045,-23.684%,21421.00,United States,2022,75362,Industrials,Auto Manufacturing
ECVT,Ecovyst Inc. Common Stock,$8.31,-0.25,-2.921%,947501330.00,United States,2017,971499,Industrials,Major Chemicals
EKSO,Ekso Bionics Holdings Inc. Common Stock,$4.16,-0.33,-7.35%,10912649.00,United States,,34073,Industrials,Industrial Machinery/Components
ELSE,Electro-Sensors Inc. Common Stock,$4.65,0.00,0.00%,16184423.00,United States,,3062,Industrials,Industrial Machinery/Components
EME,EMCOR Group Inc. Common Stock,$611.40,-8.46,-1.365%,27369849250.00,United States,,382261,Industrials,Engineering & Construction
EMN,Eastman Chemical Company Common Stock,$57.49,-2.76,-4.581%,6557872802.00,United States,,1970465,Industrials,Major Chemicals
ENTG,Entegris Inc. Common Stock,$74.79,-3.49,-4.458%,11338164000.00,United States,2000,3824149,Industrials,Plastic Products
ESAB,ESAB Corporation Common Stock,$107.16,-4.59,-4.107%,6505787117.00,United States,2022,527198,Industrials,Industrial Machinery/Components
ESI,Element Solutions Inc. Common Stock,$24.94,-0.95,-3.669%,6035477855.00,United States,2014,3128490,Industrials,Major Chemicals
ESOA,Energy Services of America Corporation Common Stock,$9.81,-0.30,-2.967%,163341778.00,United States,,205802,Industrials,Water Sewer Pipeline Comm & Power Line Construction
ETS,Elite Express Holding Inc. Class A Common Stock,$0.5371,-0.024,-4.277%,8978525.00,United States,2025,53819,Industrials,Trucking Freight/Courier Services
EVC,Entravision Communications Corporation Common Stock,$2.76,-0.09,-3.158%,251094555.00,United States,2000,466134,Industrials,Broadcasting
EXP,Eagle Materials Inc Common Stock,$199.01,-3.05,-1.509%,6381032162.00,United States,,527291,Industrials,Building Materials
EXPD,Expeditors International of Washington Inc. Common Stock,$142.23,3.81,2.752%,19061797016.00,United States,,2676847,Industrials,Integrated Freight & Logistics
EYPT,EyePoint Pharmaceuticals Inc. Common Stock,$13.135,1.555,13.428%,1087410135.00,United States,,1383669,Industrials,Biotechnology: Laboratory Analytical Instruments
F,Ford Motor Company Common Stock,$12.88,-0.31,-2.35%,51320341530.00,United States,,73342289,Industrials,Auto Manufacturing
FCUV,Focus Universal Inc. Common Stock,$2.69,-0.28,-9.428%,19870236.00,United States,,14445,Industrials,Industrial Machinery/Components
FEAM,5E Advanced Materials Inc. Common Stock,$4.06,0.205,5.318%,91125023.00,United States,,56025,Industrials,Mining & Quarrying of Nonmetallic Minerals (No Fuels)
FEIM,Frequency Electronics Inc. Common Stock,$27.485,-0.88,-3.102%,267958713.00,United States,,221165,Industrials,Electrical Products
FF,FutureFuel Corp.  Common shares,$3.25,-0.11,-3.274%,142360540.00,United States,,190542,Industrials,Major Chemicals
FFAI,Faraday Future Intelligent Electric Inc. Class A Common Stock,$1.02,0.01,0.99%,149765343.00,United States,2020,11888591,Industrials,Auto Manufacturing
FFAIW,Faraday Future Intelligent Electric Inc. Warrant,$0.0346,-0.003,-7.979%,5080275.00,United States,2020,30270,Industrials,Auto Manufacturing
FGI,FGI Industries Ltd. Ordinary Shares,$5.35,0.31,6.151%,10262964.00,United States,2022,7436,Industrials,Industrial Specialties
FGIWW,FGI Industries Ltd. Warrant,$0.0704,0.0188,36.434%,135049.00,United States,2022,1127,Industrials,Industrial Specialties
FIX,Comfort Systems USA Inc. Common Stock,$919.82,10.22,1.124%,32443845049.00,United States,1997,401427,Industrials,Engineering & Construction
FLR,Fluor Corporation Common Stock,$41.12,-1.27,-2.996%,6627824688.00,United States,,3844483,Industrials,Military/Government/Technical
FLS,Flowserve Corporation Common Stock,$65.62,-1.54,-2.293%,8341319701.00,United States,,1732004,Industrials,Fluid Controls
FLY,Firefly Aerospace Inc. Common Stock,$19.48,-3.47,-15.12%,3102211857.00,United States,2025,3618758,Industrials,Military/Government/Technical
FLYE,Fly-E Group Inc. Common Stock,$4.405,-0.205,-4.447%,7190511.00,United States,2024,8968,Industrials,Aerospace
FMC,FMC Corporation Common Stock,$12.95,-0.95,-6.835%,1617714868.00,United States,,6006222,Industrials,Major Chemicals
FORR,Forrester Research Inc. Common Stock,$7.29,-0.33,-4.331%,138531870.00,United States,1996,109726,Industrials,Diversified Commercial Services
FOX,Fox Corporation Class B Common Stock,$58.06,-0.40,-0.684%,25775314381.00,United States,,1552833,Industrials,Broadcasting
FOXA,Fox Corporation Class A Common Stock,$64.55,-0.29,-0.447%,28656502641.00,United States,,3581888,Industrials,Broadcasting
FRD,Friedman Industries Inc. Common Stock,$20.49,-2.13,-9.416%,145728609.00,United States,,38269,Industrials,Steel/Iron Ore
FSS,Federal Signal Corporation Common Stock,$107.06,-2.68,-2.442%,6510166254.00,United States,,284017,Industrials,Auto Manufacturing
FSTR,L.B. Foster Company Common Stock,$26.50,-0.26,-0.972%,275414739.00,United States,,31960,Industrials,Metal Fabrications
FTAI,FTAI Aviation Ltd. Common Stock,$152.80,-5.50,-3.474%,15673142940.00,United States,,1144007,Industrials,Misc Corporate Leasing Services
FTAIM,FTAI Aviation Ltd. 9.500% Fixed-Rate Reset Series D Cumulative Perpetual Redeemable Preferred Shares,$26.99,0.0901,0.335%,2768443246.00,United States,,3570,Industrials,Misc Corporate Leasing Services
FTAIN,FTAI Aviation Ltd. 8.25% Fixed - Rate Reset Series C Cumulative Perpetual Redeemable Preferred Shares,$25.51,0.01,0.039%,2616635317.00,United States,,7028,Industrials,Misc Corporate Leasing Services
FTEK,Fuel Tech Inc. Common Stock,$1.79,-0.05,-2.717%,55623244.00,United States,,228366,Industrials,Pollution Control Equipment
FTK,Flotek Industries Inc. Common Stock,$14.17,-0.66,-4.45%,425919352.00,United States,,402336,Industrials,Major Chemicals
FTV,Fortive Corporation Common Stock ,$50.52,-1.07,-2.074%,16045739851.00,United States,2016,4358517,Industrials,Industrial Machinery/Components
FUL,H. B. Fuller Company Common Stock,$56.27,-1.09,-1.90%,3043581784.00,United States,,408372,Industrials,Home Furnishings
FWONA,Liberty Media Corporation Series A Liberty Formula One Common Stock,$89.15,-0.97,-1.076%,22292335229.00,United States,,131485,Industrials,Broadcasting
FWONK,Liberty Media Corporation Series C Liberty Formula One Common Stock,$97.73,-1.08,-1.093%,24437051384.00,United States,,1858627,Industrials,Broadcasting
FWRD,Forward Air Corporation Common Stock,$21.01,-0.17,-0.803%,656525396.00,United States,,500447,Industrials,Integrated Freight & Logistics
GBX,Greenbrier Companies Inc. (The) Common Stock,$41.68,-1.22,-2.844%,1290477112.00,United States,1994,263435,Industrials,Railroads
GD,General Dynamics Corporation Common Stock,$341.78,-2.47,-0.718%,92321764667.00,United States,,909052,Industrials,Marine Transportation
GDC,GD Culture Group Limited Common Stock,$4.66,0.01,0.215%,260889061.00,United States,2015,49930,Industrials,Steel/Iron Ore
GENC,Gencor Industries Inc. Common Stock,$13.14,-0.54,-3.947%,192602204.00,United States,,39405,Industrials,Construction/Ag Equipment/Trucks
GEOS,Geospace Technologies Corporation Common Stock (Texas),$22.90,-1.31,-5.411%,293594076.00,United States,,201621,Industrials,Industrial Machinery/Components
GEVO,Gevo Inc. Common Stock,$1.91,-0.06,-3.046%,462809819.00,United States,2011,3776163,Industrials,Major Chemicals
GFF,Griffon Corporation Common Stock,$66.79,-3.08,-4.408%,3109652167.00,United States,,417937,Industrials,Building Products
GGG,Graco Inc. Common Stock,$79.28,-0.87,-1.085%,13136235700.00,United States,,945363,Industrials,Fluid Controls
GHM,Graham Corporation Common Stock,$55.55,-3.45,-5.847%,610380845.00,United States,1978,75842,Industrials,Industrial Machinery/Components
GIC,Global Industrial Company Common Stock,$26.82,-0.24,-0.887%,1032408490.00,United States,,120421,Industrials,Industrial Machinery/Components
GIFI,Gulf Island Fabrication Inc. Common Stock,$11.78,0.01,0.085%,188463638.00,United States,1997,171953,Industrials,Metal Fabrications
GLDD,Great Lakes Dredge & Dock Corporation Common Stock,$12.03,-0.32,-2.591%,818031639.00,United States,,303163,Industrials,Military/Government/Technical
GLW,Corning Incorporated Common Stock,$81.06,-1.00,-1.219%,69497633700.00,United States,,7245197,Industrials,Telecommunications Equipment
GM,General Motors Company Common Stock,$67.91,-2.61,-3.701%,64655603466.00,United States,2010,8031702,Industrials,Auto Manufacturing
GPRE,Green Plains Inc. Common Stock,$10.09,0.40,4.128%,704635574.00,United States,,2821594,Industrials,Major Chemicals
GRC,Gorman-Rupp Company (The) Common Stock,$43.99,-1.05,-2.331%,1157501920.00,United States,1971,71836,Industrials,Fluid Controls
GTLS,Chart Industries Inc. Common Stock,$203.54,0.00,0.00%,9149724054.00,United States,2006,610665,Industrials,Metal Fabrications
GTN,Gray Media Inc. Common Stock,$4.87,0.22,4.731%,497162000.00,United States,,1990459,Industrials,Broadcasting
GVA,Granite Construction Incorporated Common Stock,$101.46,-1.09,-1.063%,4428709317.00,United States,,706885,Industrials,Military/Government/Technical
GWAV,Greenwave Technology Solutions Inc. Common Stock,$6.29,-0.20,-3.082%,3497781.00,United States,,15925,Industrials,Metal Fabrications
GWW,W.W. Grainger Inc. Common Stock,$923.47,-2.74,-0.296%,43910386239.00,United States,,302677,Industrials,Office Equipment/Supplies/Services
HAYW,Hayward Holdings Inc. Common Stock,$15.29,-0.24,-1.545%,3315838924.00,United States,2021,2127084,Industrials,Industrial Machinery/Components
HBIO,Harvard Bioscience Inc. Common Stock,$0.6699,0.0103,1.562%,29863918.00,United States,2000,2500353,Industrials,Biotechnology: Laboratory Analytical Instruments
HEI,Heico Corporation Common Stock,$310.88,-2.76,-0.88%,43276510813.00,United States,2000,329709,Industrials,Aerospace
HII,Huntington Ingalls Industries Inc. Common Stock,$309.74,-4.23,-1.347%,12154641767.00,United States,,320979,Industrials,Marine Transportation
HL,Hecla Mining Company Common Stock,$13.98,-0.62,-4.247%,9367979407.00,United States,,13620787,Industrials,Mining & Quarrying of Nonmetallic Minerals (No Fuels)
HLIO,Helios Technologies Inc. Common Stock,$52.27,-1.48,-2.753%,1731626381.00,United States,2021,392979,Industrials,Metal Fabrications
HON,Honeywell International Inc. Common Stock,$196.08,-2.96,-1.487%,124488683745.00,United States,,2837470,Industrials,Aerospace
HOVR,New Horizon Aircraft Ltd. Class A Ordinary Share,$1.78,-0.14,-7.292%,77172236.00,United States,2023,1124257,Industrials,Aerospace
HOVRW,New Horizon Aircraft Ltd. Warrant,$0.36,-0.0474,-11.635%,15607868.00,United States,2023,219977,Industrials,Aerospace
HRI,Herc Holdings Inc. Common Stock ,$128.19,-5.34,-3.999%,4264844638.00,United States,2016,432404,Industrials,Misc Corporate Leasing Services
HTLD,Heartland Express Inc. Common Stock,$7.42,-0.10,-1.33%,574660725.00,United States,1986,550248,Industrials,Trucking Freight/Courier Services
HUBG,Hub Group Inc. Class A Common Stock,$35.70,0.16,0.45%,2183180307.00,United States,1996,747493,Industrials,Integrated Freight & Logistics
HUN,Huntsman Corporation Common Stock,$8.24,-0.46,-5.287%,1431708454.00,United States,2005,3640438,Industrials,Major Chemicals
HURC,Hurco Companies Inc. Common Stock,$16.35,-0.32,-1.92%,104679175.00,United States,,32156,Industrials,Industrial Machinery/Components
HWM,Howmet Aerospace Inc. Common Stock,$200.28,-3.01,-1.481%,80525029833.00,United States,,1469165,Industrials,Metal Fabrications
HXL,Hexcel Corporation Common Stock,$69.91,0.82,1.187%,5562273519.00,United States,,1567500,Industrials,Major Chemicals
HY,Hyster-Yale Inc. Class A common stock,$27.66,-0.84,-2.947%,490516742.00,United States,,144267,Industrials,Construction/Ag Equipment/Trucks
IESC,IES Holdings Inc. Common Stock,$359.63,-5.08,-1.393%,7140260529.00,United States,,102307,Industrials,Engineering & Construction
IEX,IDEX Corporation Common Stock,$162.76,-1.73,-1.052%,12182494203.00,United States,1989,513342,Industrials,Fluid Controls
IFF,International Flavors & Fragrances Inc. Common Stock,$65.13,-0.75,-1.138%,16679557164.00,United States,,2618930,Industrials,Major Chemicals
IIIN,Insteel Industries Inc. Common Stock,$30.38,-1.55,-4.854%,589872116.00,United States,,129067,Industrials,Steel/Iron Ore
INHD,Inno Holdings Inc. Common Stock,$0.7071,-0.0652,-8.442%,5478952.00,United States,2023,242494,Industrials,Steel/Iron Ore
INTT,inTest Corporation Common Stock,$7.64,0.10,1.326%,95373428.00,United States,1997,38830,Industrials,Electrical Products
IOSP,Innospec Inc. Common Stock,$72.23,-1.86,-2.51%,1789684748.00,United States,,233455,Industrials,Major Chemicals
IPI,Intrepid Potash Inc Common Stock,$24.96,-1.24,-4.733%,335136223.00,United States,2008,99163,Industrials,Mining & Quarrying of Nonmetallic Minerals (No Fuels)
IR,Ingersoll Rand Inc. Common Stock,$73.67,-1.80,-2.385%,29107782800.00,United States,2017,2939012,Industrials,Industrial Machinery/Components
ITRI,Itron Inc. Common Stock,$97.21,-1.25,-1.27%,4452351275.00,United States,1993,705033,Industrials,Electrical Products
ITT,ITT Inc. Common Stock ,$182.16,-2.52,-1.365%,14208480000.00,United States,2011,423387,Industrials,Fluid Controls
ITW,Illinois Tool Works Inc. Common Stock,$241.41,-2.56,-1.049%,70033041000.00,United States,,989455,Industrials,Industrial Machinery/Components
J,Jacobs Solutions Inc. Common Stock,$150.59,-3.82,-2.474%,18000996867.00,United States,2022,869918,Industrials,Military/Government/Technical
JBHT,J.B. Hunt Transport Services Inc. Common Stock,$160.30,-2.51,-1.542%,15263500864.00,United States,,1414354,Industrials,Trucking Freight/Courier Services
JBI,Janus International Group Inc. Common Stock,$5.96,0.04,0.676%,827399336.00,United States,2021,1956316,Industrials,Building Products
JBTM,JBT Marel Corporation Common Stock,$135.75,1.05,0.78%,7055113749.00,United States,,626621,Industrials,Industrial Machinery/Components
JOBY,Joby Aviation Inc. Common Stock,$13.89,-0.52,-3.609%,12664668273.00,United States,2020,22913833,Industrials,Aerospace
KAI,Kadant Inc Common Stock,$250.52,-4.39,-1.722%,2950658380.00,United States,1992,136715,Industrials,Industrial Machinery/Components
KALU,Kaiser Aluminum Corporation Common Stock,$91.50,0.28,0.307%,1482872333.00,United States,,149636,Industrials,Metal Fabrications
KBR,KBR Inc. Common Stock,$40.58,-1.49,-3.542%,5153239104.00,United States,2006,1174372,Industrials,Military/Government/Technical
KEQU,Kewaunee Scientific Corporation Common Stock,$39.52,-0.90,-2.227%,113252227.00,United States,,7153,Industrials,Medical Specialities
KEYS,Keysight Technologies Inc. Common Stock,$175.51,-3.55,-1.983%,30162490262.00,United States,2014,987856,Industrials,Industrial Machinery/Components
KITT,Nauticus Robotics Inc. Common stock,$1.12,-0.19,-14.504%,5259974.00,United States,2021,770865,Industrials,Industrial Machinery/Components
KITTW,Nauticus Robotics Inc. Warrant,$0.0379,-0.0088,-18.844%,177994.00,United States,2021,49879,Industrials,Industrial Machinery/Components
KMT,Kennametal Inc. Common Stock,$25.92,-0.98,-3.643%,1972334085.00,United States,,842834,Industrials,Industrial Machinery/Components
KNF,Knife Riv Holding Co. Common Stock,$67.51,-2.11,-3.031%,3825397779.00,United States,2023,420247,Industrials,Mining & Quarrying of Nonmetallic Minerals (No Fuels)
KNX,Knight-Swift Transportation Holdings Inc.,$41.85,-1.12,-2.606%,6793887150.00,United States,2017,3044226,Industrials,Trucking Freight/Courier Services
KRMN,Karman Holdings Inc. Common Stock,$58.28,-1.97,-3.27%,7711751512.00,United States,2025,1239481,Industrials,Military/Government/Technical
KRT,Karat Packaging Inc. Common Stock,$21.24,-0.97,-4.367%,426913486.00,United States,2021,217687,Industrials,Plastic Products
KTB,Kontoor Brands Inc. Common Stock ,$69.98,-1.93,-2.684%,3890440968.00,United States,2019,424370,Industrials,Garments and Clothing
KTOS,Kratos Defense & Security Solutions Inc. Common Stock,$70.24,-2.21,-3.05%,11859371330.00,United States,,2217175,Industrials,Military/Government/Technical
KWR,Quaker Houghton Common Stock,$128.80,-4.31,-3.238%,2233396508.00,United States,,115342,Industrials,Major Chemicals
LAB,Standard BioTools Inc. Common Stock,$1.21,-0.03,-2.419%,465324151.00,United States,2011,1308580,Industrials,Biotechnology: Laboratory Analytical Instruments
LCID,Lucid Group Inc. Common Stock,$12.91,-1.29,-9.085%,4185014780.00,United States,,16262955,Industrials,Auto Manufacturing
LECO,Lincoln Electric Holdings Inc. Common Shares,$220.85,-5.14,-2.274%,12152530970.00,United States,,288693,Industrials,Industrial Machinery/Components
LEU,Centrus Energy Corp. Class A Common Stock,$245.64,-4.36,-1.744%,4473603540.00,United States,2014,848866,Industrials,Mining & Quarrying of Nonmetallic Minerals (No Fuels)
LHX,L3Harris Technologies Inc. Common Stock,$287.69,-1.70,-0.587%,53813233553.00,United States,,829616,Industrials,Industrial Machinery/Components
LII,Lennox International Inc. Common Stock,$459.89,-11.61,-2.462%,16153305589.00,United States,1999,300766,Industrials,Industrial Machinery/Components
LLYVA,Liberty Media Corporation Series A Liberty Live Common Stock,$78.41,-2.035,-2.53%,7206083336.00,United States,,131831,Industrials,Broadcasting
LLYVK,Liberty Media Corporation Series C Liberty Live Common Stock,$81.14,-2.45,-2.931%,7456977451.00,United States,,319849,Industrials,Broadcasting
LMT,Lockheed Martin Corporation Common Stock,$470.78,5.01,1.076%,109910679064.00,United States,,1821185,Industrials,Military/Government/Technical
LNN,Lindsay Corporation Common Stock,$106.57,-3.50,-3.18%,1151405725.00,United States,,133457,Industrials,Industrial Machinery/Components
LNZA,LanzaTech Global Inc. Common Stock,$13.38,-2.92,-17.914%,31036917.00,United States,2021,39500,Industrials,Major Chemicals
LNZAW,LanzaTech Global Inc. Warrant,$0.0152,-0.0001,-0.654%,35259.00,United States,2021,147931,Industrials,Major Chemicals
LOAR,Loar Holdings Inc. Common Stock,$63.84,-2.93,-4.388%,5976858549.00,United States,2024,1201181,Industrials,Military/Government/Technical
LODE,Comstock Inc. Common Stock,$3.24,0.27,9.091%,166096160.00,United States,,1623972,Industrials,Major Chemicals
LSTR,Landstar System Inc. Common Stock,$123.63,-2.27,-1.803%,4246035508.00,United States,1993,410213,Industrials,Trucking Freight/Courier Services
LUNR,Intuitive Machines Inc. Class A Common Stock,$8.73,-0.80,-8.395%,1573312289.00,United States,2021,7986790,Industrials,Industrial Machinery/Components
LWLG,Lightwave Logic Inc. Common Stock,$4.66,-0.18,-3.719%,603190335.00,United States,,903188,Industrials,Containers/Packaging
MAS,Masco Corporation Common Stock,$59.36,-1.39,-2.288%,12328812063.00,United States,,2465776,Industrials,Industrial Specialties
MASS,908 Devices Inc. Common Stock,$5.38,-0.10,-1.825%,194718222.00,United States,2020,265068,Industrials,Industrial Machinery/Components
MBUU,Malibu Boats Inc. Class A Common Stock,$24.21,-1.21,-4.76%,465475889.00,United States,2014,170330,Industrials,Marine Transportation
MCFT,MasterCraft Boat Holdings Inc. Common Stock,$17.93,-0.665,-3.576%,292058148.00,United States,2015,89959,Industrials,Marine Transportation
MDU,MDU Resources Group Inc. Common Stock (Holding Company),$20.44,-0.17,-0.825%,4176529115.00,United States,,1819712,Industrials,Mining & Quarrying of Nonmetallic Minerals (No Fuels)
MEC,Mayville Engineering Company Inc. Common Stock,$15.97,-0.07,-0.436%,324484369.00,United States,2019,882357,Industrials,Industrial Specialties
MIDD,Middleby Corporation (The) Common Stock,$114.38,-3.66,-3.101%,5761463575.00,United States,,560429,Industrials,Industrial Machinery/Components
MIND,MIND Technology Inc. Common Stock (DE),$11.07,-0.82,-6.897%,88221490.00,United States,1994,367521,Industrials,Industrial Machinery/Components
MIR,Mirion Technologies Inc. Class A Common Stock,$24.39,-0.52,-2.088%,6190211024.00,United States,2020,3023429,Industrials,Industrial Machinery/Components
MKSI,MKS Inc. Common Stock,$141.71,-1.03,-0.722%,9518586161.00,United States,1999,845373,Industrials,Industrial Machinery/Components
MLAB,Mesa Laboratories Inc. Common Stock,$71.62,-2.32,-3.138%,395507054.00,United States,,182905,Industrials,Industrial Machinery/Components
MLAC,Mountain Lake Acquisition Corp. Class A Ordinary Shares,$10.40,0.02,0.193%,0.00,United States,2025,253,Industrials,Auto Manufacturing
MLI,Mueller Industries Inc. Common Stock,$104.81,-2.11,-1.973%,11602545817.00,United States,,579108,Industrials,Metal Fabrications
MLM,Martin Marietta Materials Inc. Common Stock,$589.97,-6.47,-1.085%,35579405156.00,United States,1994,350558,Industrials,Mining & Quarrying of Nonmetallic Minerals (No Fuels)
MNTS,Momentus Inc. Class A Common Stock,$0.6568,-0.1251,-15.999%,7641451.00,United States,2019,930528,Industrials,Military/Government/Technical
MNTSW,Momentus Inc. Warrant,$0.0142,-0.0028,-16.471%,165208.00,United States,2019,182776,Industrials,Military/Government/Technical
MOS,Mosaic Company (The) Common Stock,$24.52,-1.53,-5.873%,7782841144.00,United States,,7398999,Industrials,Agricultural Chemicals
MPX,Marine Products Corporation Common Stock,$8.20,-0.23,-2.728%,286992079.00,United States,2001,23641,Industrials,Marine Transportation
MRTN,Marten Transport Ltd. Common Stock,$9.51,-0.21,-2.16%,775259232.00,United States,1986,907616,Industrials,Trucking Freight/Courier Services
MSB,Mesabi Trust Common Stock,$34.30,-0.58,-1.663%,450016343.00,United States,,36734,Industrials,Precious Metals
MSM,MSC Industrial Direct Company Inc. Common Stock,$85.76,-0.88,-1.016%,4784563436.00,United States,1995,806931,Industrials,Industrial Machinery/Components
MTRN,Materion Corporation,$112.92,-3.48,-2.99%,1917141419.00,United States,,88759,Industrials,Industrial Specialties
MTUS,Metallus Inc. Common Shares,$15.58,-0.37,-2.32%,648888211.00,United States,2014,272335,Industrials,Steel/Iron Ore
MTW,Manitowoc Company Inc. (The) Common Stock,$10.46,-0.66,-5.935%,371026053.00,United States,,233754,Industrials,Construction/Ag Equipment/Trucks
MTZ,MasTec Inc. Common Stock,$193.39,1.17,0.609%,15258650853.00,United States,,1029483,Industrials,Water Sewer Pipeline Comm & Power Line Construction
MWA,MUELLER WATER PRODUCTS Common Stock,$22.91,-0.25,-1.079%,3580684429.00,United States,2006,1651580,Industrials,Metal Fabrications
MYE,Myers Industries Inc. Common Stock,$17.09,-0.40,-2.287%,639301267.00,United States,1983,284331,Industrials,Plastic Products
MYRG,MYR Group Inc. Common Stock,$220.22,-9.22,-4.018%,3418438503.00,United States,2008,171099,Industrials,Water Sewer Pipeline Comm & Power Line Construction
NAUT,Nautilus Biotechnology Inc. Common Stock,$1.90,0.10,5.556%,239979732.00,United States,2020,293168,Industrials,Biotechnology: Laboratory Analytical Instruments
NDSN,Nordson Corporation Common Stock,$227.79,-2.48,-1.077%,12798677960.00,United States,,210474,Industrials,Industrial Machinery/Components
NEU,NewMarket Corp Common Stock,$744.76,-39.45,-5.031%,6998600581.00,United States,,62615,Industrials,Major Chemicals
NGVT,Ingevity Corporation Common Stock ,$47.12,-2.25,-4.557%,1694625188.00,United States,2016,371285,Industrials,Major Chemicals
NIO,NIO Inc. American depositary shares each  representing one Class A ordinary share,$6.08,-0.08,-1.299%,13655622836.00,United States,2018,53075999,Industrials,Auto Manufacturing
NMAX,Newsmax Inc. Class B Common Stock,$7.61,-0.32,-4.035%,982672596.00,United States,2025,1380277,Industrials,Broadcasting
NN,NextNav Inc. Common Stock,$12.61,-0.06,-0.474%,1700194800.00,United States,,964273,Industrials,Industrial Machinery/Components
NNAVW,NextNav Inc. Warrant,$4.89,0.0406,0.837%,659314240.00,United States,,84189,Industrials,Industrial Machinery/Components
NNBR,NN Inc. Common Stock,$1.41,-0.04,-2.759%,70776092.00,United States,1994,317903,Industrials,Industrial Machinery/Components
NOC,Northrop Grumman Corporation Common Stock,$563.03,5.03,0.901%,80616314355.00,United States,,912795,Industrials,Industrial Machinery/Components
NPK,National Presto Industries Inc. Common Stock,$94.16,-0.68,-0.717%,673426670.00,United States,,62432,Industrials,Ordnance And Accessories
NPO,Enpro Inc. Common Stock,$204.73,-5.13,-2.444%,4312786698.00,United States,,127048,Industrials,Metal Fabrications
NSC,Norfolk Southern Corporation Common Stock,$281.41,-2.57,-0.905%,63144637890.00,United States,,1568356,Industrials,Railroads
NTIC,Northern Technologies International Corporation Common Stock,$7.95,-0.11,-1.365%,75321186.00,United States,,42963,Industrials,Industrial Specialties
NUE,Nucor Corporation Common Stock,$148.67,0.89,0.602%,34024416834.00,United States,,1654962,Industrials,Steel/Iron Ore
NVVE,Nuvve Holding Corp. Common Stock,$0.219,-0.0409,-15.737%,7350956.00,United States,2020,17554406,Industrials,Electrical Products
NVVEW,Nuvve Holding Corp. Warrant,$0.0153,-0.0035,-18.617%,513560.00,United States,2020,182832,Industrials,Electrical Products
NWL,Newell Brands Inc. Common Stock,$3.34,-0.08,-2.339%,1400128000.00,United States,,9224065,Industrials,Plastic Products
NWPX,NWPX Infrastructure Inc. Common Stock,$56.19,-0.99,-1.731%,539966290.00,United States,1995,41461,Industrials,Steel/Iron Ore
NX,Quanex Building Products Corporation Common Stock,$12.23,-0.72,-5.56%,561073729.00,United States,,539872,Industrials,Metal Fabrications
NXST,Nexstar Media Group Inc. Common Stock,$187.54,5.36,2.942%,5687374048.00,United States,2003,483899,Industrials,Broadcasting
NXT,Nextpower Inc. Class A Common Stock,$89.40,-4.35,-4.64%,13265778132.00,United States,2023,2473442,Industrials,Industrial Machinery/Components
OC,Owens Corning Inc Common Stock New,$99.13,-2.70,-2.651%,8147667087.00,United States,,1840183,Industrials,Industrial Machinery/Components
OCC,Optical Cable Corporation Common Stock,$6.57,-0.20,-2.954%,58278817.00,United States,,39775,Industrials,Telecommunications Equipment
ODFL,Old Dominion Freight Line Inc. Common Stock,$129.89,-2.40,-1.814%,27159796242.00,United States,1991,1990979,Industrials,Trucking Freight/Courier Services
OFLX,Omega Flex Inc. Common Stock,$26.62,-0.71,-2.598%,268710852.00,United States,,44897,Industrials,Industrial Specialties
OLN,Olin Corporation Common Stock,$19.20,-0.92,-4.573%,2191133357.00,United States,,2874135,Industrials,Major Chemicals
ONTO,Onto Innovation Inc. Common Stock,$127.30,-0.62,-0.485%,6239120923.00,United States,,721511,Industrials,Industrial Machinery/Components
ORGN,Origin Materials Inc. Common Stock,$0.48,0.00,0.00%,72551930.00,United States,2020,1335068,Industrials,Major Chemicals
ORGNW,Origin Materials Inc. Warrants,$0.0146,-0.0004,-2.667%,2206788.00,United States,2020,13523,Industrials,Major Chemicals
ORN,Orion Group Holdings Inc. Common,$9.16,-0.33,-3.477%,365492958.00,United States,,224336,Industrials,Military/Government/Technical
OSK,Oshkosh Corporation (Holding Company)Common Stock,$121.55,-3.03,-2.432%,7688562474.00,United States,,577507,Industrials,Auto Manufacturing
OUST,Ouster Inc. Common Stock,$20.92,-1.13,-5.125%,1255309181.00,United States,,1846209,Industrials,Industrial Machinery/Components
OUSTZ,Ouster Inc. Warrants,$0.0799,0.00,0.00%,4794417.00,United States,,143818,Industrials,Industrial Machinery/Components
OWLT,Owlet Inc. Class A Common Stock,$11.34,0.86,8.206%,312764083.00,United States,2020,329580,Industrials,Industrial Machinery/Components
OXM,Oxford Industries Inc. Common Stock,$33.81,-1.20,-3.428%,502658612.00,United States,,411486,Industrials,Garments and Clothing
PACB,Pacific Biosciences of California Inc. Common Stock,$1.57,-0.04,-2.484%,473994667.00,United States,2010,4329235,Industrials,Biotechnology: Laboratory Analytical Instruments
PAMT,PAMT CORP Common Stock,$9.85,-0.18,-1.795%,206121297.00,United States,,17432,Industrials,Trucking Freight/Courier Services
PAYX,Paychex Inc. Common Stock,$110.48,-1.62,-1.445%,39761104919.00,United States,1983,2362653,Industrials,Diversified Commercial Services
PCT,PureCycle Technologies Inc. Common stock,$8.52,-0.67,-7.291%,1535289857.00,United States,,3538817,Industrials,Major Chemicals
PCTTU,PureCycle Technologies Inc. Unit,$17.80,0.00,0.00%,3207530452.00,United States,,113,Industrials,Major Chemicals
PCTTW,PureCycle Technologies Inc. Warrant,$1.31,-0.06,-4.38%,236059825.00,United States,,13635,Industrials,Major Chemicals
PESI,Perma-Fix Environmental Services Inc. Common Stock,$12.19,-0.33,-2.636%,225730300.00,United States,,179066,Industrials,Environmental Services
PH,Parker-Hannifin Corporation Common Stock,$820.97,-10.98,-1.32%,103595494278.00,United States,,879318,Industrials,Metal Fabrications
PKE,Park Aerospace Corp. Common Stock,$18.55,-0.70,-3.636%,369253017.00,United States,,66611,Industrials,Military/Government/Technical
PKOH,Park-Ohio Holdings Corp. Common Stock,$19.08,-1.29,-6.333%,274832270.00,United States,,27371,Industrials,Industrial Specialties
PLOW,Douglas Dynamics Inc. Common Stock,$29.98,-0.91,-2.946%,690765522.00,United States,2010,117289,Industrials,Construction/Ag Equipment/Trucks
PLPC,Preformed Line Products Company Common Stock,$191.57,-13.29,-6.487%,939051427.00,United States,,55244,Industrials,Water Sewer Pipeline Comm & Power Line Construction
POWW,Outdoor Holding Company Common Stock,$1.89,0.10,5.587%,221339463.00,United States,,678304,Industrials,Ordnance And Accessories
POWWP,Outdoor Holding Company 8.75% Series A Cumulative Redeemable Perpetual Preferred Stock,$24.34,0.11,0.454%,2850477529.00,United States,,2677,Industrials,Ordnance And Accessories
PPIH,Perma-Pipe International Holdings Inc. Common Stock,$23.60,-0.64,-2.64%,191019462.00,United States,,66144,Industrials,Pollution Control Equipment
PPSI,Pioneer Power Solutions Inc. Common Stock,$3.42,-0.22,-6.044%,37945810.00,United States,,147013,Industrials,Electrical Products
PRIM,Primoris Services Corporation Common Stock,$117.15,-0.89,-0.754%,6329889920.00,United States,,563402,Industrials,Water Sewer Pipeline Comm & Power Line Construction
PRLB,Proto Labs Inc. Common stock,$47.07,-1.43,-2.948%,1114558527.00,United States,2012,131628,Industrials,Metal Fabrications
PRPO,Precipio Inc.  Common Stock,$21.03,1.70,8.795%,34059852.00,United States,,17929,Industrials,Biotechnology: Laboratory Analytical Instruments
PSIX,Power Solutions International Inc. Common Stock,$54.56,-3.69,-6.335%,1257113141.00,United States,,691877,Industrials,Industrial Machinery/Components
PSKY,Paramount Skydance Corporation Class B Common Stock,$15.73,0.05,0.319%,17352816548.00,United States,,7819704,Industrials,Broadcasting
PVH,PVH Corp. Common Stock,$76.08,-1.67,-2.148%,3660953015.00,United States,,500256,Industrials,Garments and Clothing
PWR,Quanta Services Inc. Common Stock,$426.87,-2.43,-0.566%,63653098684.00,United States,,1099265,Industrials,Engineering & Construction
PYPL,PayPal Holdings Inc. Common Stock,$61.89,-0.92,-1.465%,57907499371.00,United States,,20588670,Industrials,Diversified Commercial Services
QSI,Quantum-Si Incorporated Class A Common Stock,$1.30,-0.07,-5.109%,280136565.00,United States,2020,4648369,Industrials,Industrial Machinery/Components
QSIAW,Quantum-Si Incorporated Warrant,$0.29,0.00,0.00%,62492003.00,United States,2020,5302,Industrials,Industrial Machinery/Components
QTRX,Quanterix Corporation Common Stock,$5.53,-0.21,-3.659%,258310707.00,United States,2017,673872,Industrials,Biotechnology: Laboratory Analytical Instruments
RAIL,FreightCar America Inc. Common Stock,$7.71,-0.52,-6.318%,147099907.00,United States,2005,207725,Industrials,Railroads
RAL,Ralliant Corporation Common Stock,$46.48,-0.98,-2.065%,5243214839.00,United States,2025,1671901,Industrials,Industrial Machinery/Components
RBC,RBC Bearings Incorporated Common Stock,$429.28,-2.76,-0.639%,13570159822.00,United States,2022,129429,Industrials,Metal Fabrications
RDW,Redwire Corporation Common Stock,$5.47,0.06,1.109%,903374783.00,United States,2021,5148532,Industrials,Military/Government/Technical
REVG,REV Group Inc. Common Stock,$50.94,-1.63,-3.101%,2485787083.00,United States,2017,740465,Industrials,Auto Manufacturing
REX,REX American Resources Corporation,$32.16,-1.07,-3.22%,1063131580.00,United States,,115121,Industrials,Major Chemicals
REZI,Resideo Technologies Inc. Common Stock ,$30.12,-2.89,-8.755%,4509414113.00,United States,2018,2699871,Industrials,Wholesale Distributors
RGLD,Royal Gold Inc. Common Stock,$184.07,-1.76,-0.947%,15535151456.00,United States,,725602,Industrials,Precious Metals
RGR,Sturm Ruger & Company Inc. Common Stock,$30.27,-0.99,-3.167%,482632538.00,United States,,352830,Industrials,Ordnance And Accessories
RIVN,Rivian Automotive Inc. Class A Common Stock,$14.87,-0.24,-1.588%,18229328020.00,United States,2021,58258937,Industrials,Auto Manufacturing
RKLB,Rocket Lab Corporation Common Stock,$43.31,-2.23,-4.897%,23134310782.00,United States,2020,17534074,Industrials,Military/Government/Technical
RL,Ralph Lauren Corporation Common Stock,$324.10,-7.38,-2.226%,19653637258.00,United States,1997,538413,Industrials,Garments and Clothing
RLGT,Radiant Logistics Inc. Common Stock,$5.96,-0.01,-0.168%,279442825.00,United States,,186195,Industrials,Integrated Freight & Logistics
ROAD,Construction Partners Inc. Class A Common Stock,$104.45,-2.37,-2.219%,5858611781.00,United States,2018,234792,Industrials,Military/Government/Technical
ROCK,Gibraltar Industries Inc. Common Stock,$47.14,-12.01,-20.304%,1392641087.00,United States,1993,1198811,Industrials,Steel/Iron Ore
ROG,Rogers Corporation Common Stock,$76.80,-1.55,-1.978%,1381209523.00,United States,1960,134332,Industrials,Major Chemicals
ROK,Rockwell Automation Inc. Common Stock,$370.10,-7.03,-1.864%,41552447147.00,United States,,1559831,Industrials,Industrial Machinery/Components
RPID,Rapid Micro Biosystems Inc. Class A Common Stock,$4.14,-0.07,-1.663%,183495378.00,United States,2021,135728,Industrials,Biotechnology: Laboratory Analytical Instruments
RR,Richtech Robotics Inc. Class B Common Stock,$3.12,-0.23,-6.866%,467669214.00,United States,2023,13422263,Industrials,Industrial Machinery/Components
RS,Reliance Inc. Common Stock,$266.31,-3.90,-1.443%,13924541117.00,United States,1994,447917,Industrials,Metal Fabrications
RTX,RTX Corporation Common Stock,$175.63,0.06,0.034%,235088101076.00,United States,,3913531,Industrials,Aerospace
RVTY,Revvity Inc. Common Stock,$91.06,-1.67,-1.801%,10323984048.00,United States,,806344,Industrials,Biotechnology: Laboratory Analytical Instruments
RYI,Ryerson Holding Corporation Common Stock,$19.86,-0.32,-1.586%,639677969.00,United States,2014,480278,Industrials,Metal Fabrications
SAFX,XCF Global Inc. Class A Common Stock,$0.8062,0.1245,18.263%,128372396.00,United States,,1428333,Industrials,Major Chemicals
SAIA,Saia Inc. Common Stock,$262.31,-5.61,-2.094%,6988631161.00,United States,,556809,Industrials,Trucking Freight/Courier Services
SARO,StandardAero Inc. Common Stock,$24.66,-0.96,-3.747%,8248036710.00,United States,2024,2163973,Industrials,Aerospace
SBGI,Sinclair Inc. Class A Common Stock,$16.87,0.79,4.913%,1175562113.00,United States,1995,957801,Industrials,Broadcasting
SDST,Stardust Power Inc. Common Stock,$3.24,-0.455,-12.314%,31809701.00,United States,2021,174471,Industrials,Major Chemicals
SDSTW,Stardust Power Inc. Warrant,$0.165,-0.0107,-6.09%,1619938.00,United States,2021,92381,Industrials,Major Chemicals
SEB,Seaboard Corporation Common Stock,$4038.52,-81.70,-1.983%,3868704273.00,United States,1996,13115,Industrials,Farming/Seeds/Milling
SEE,Sealed Air Corporation Common Stock,$41.92,-1.36,-3.142%,6167405299.00,United States,,11823771,Industrials,Major Chemicals
SEER,Seer Inc. Class A Common Stock,$2.01,0.01,0.50%,112133566.00,United States,2020,183189,Industrials,Biotechnology: Laboratory Analytical Instruments
SENS,Senseonics Holdings Inc. Common Stock,$5.90,-0.36,-5.751%,241064914.00,United States,,398007,Industrials,Industrial Machinery/Components
SEV,Aptera Motors Corp. Class B Common Stock,$6.52,-0.08,-1.212%,154188722.00,United States,,77276,Industrials,Auto Manufacturing
SGLY,Singularity Future Technology Ltd. Common Stock,$0.6698,-0.0985,-12.821%,2815499.00,United States,2008,124192,Industrials,Integrated Freight & Logistics
SHIM,Shimmick Corporation Common Stock,$2.15,-0.32,-12.955%,77003280.00,United States,2023,66276,Industrials,Military/Government/Technical
SIF,SIFCO Industries Inc. Common Stock,$6.43,0.03,0.469%,39739895.00,United States,1969,24281,Industrials,Aerospace
SKYQ,Sky Quarry Inc. Common Stock,$0.3541,0.0064,1.841%,7958901.00,United States,2024,165386,Industrials,Environmental Services
SLGN,Silgan Holdings Inc. Common Stock,$37.56,-0.43,-1.132%,3968890643.00,United States,2022,1188629,Industrials,Containers/Packaging
SLND,Southland Holdings Inc. Common Stock,$3.28,-0.06,-1.796%,177490758.00,United States,,107006,Industrials,Military/Government/Technical
SMG,Scotts Miracle-Gro Company (The) Common Stock,$54.68,-2.05,-3.614%,3157145390.00,United States,1992,716876,Industrials,Agricultural Chemicals
SMID,Smith-Midland Corporation Common Stock,$35.25,-2.65,-6.992%,186987362.00,United States,,14666,Industrials,Building Materials
SND,Smart Sand Inc. Common Stock,$2.75,0.25,10.00%,119745428.00,United States,2016,677307,Industrials,Mining & Quarrying of Nonmetallic Minerals (No Fuels)
SNDR,Schneider National Inc. Common Stock,$20.76,-0.69,-3.217%,3639219551.00,United States,2017,911441,Industrials,Trucking Freight/Courier Services
SNES,SenesTech Inc. Common Stock,$2.78,-0.06,-2.113%,14519982.00,United States,2016,50925,Industrials,Agricultural Chemicals
SOLS,Solstice Advanced Materials Inc. Common Stock ,$41.58,-1.98,-4.545%,6599887620.00,United States,,4172945,Industrials,Aerospace
SPR,Spirit Aerosystems Holdings Inc. Common Stock,$36.10,-0.50,-1.366%,4242588134.00,United States,2006,993264,Industrials,Military/Government/Technical
SPXC,SPX Technologies Inc. Common Stock,$207.28,-4.15,-1.963%,10329917571.00,United States,,217304,Industrials,Industrial Machinery/Components
SSP,E.W. Scripps Company (The) Class A Common Stock,$4.28,1.22,39.869%,380073116.00,United States,,12257657,Industrials,Broadcasting
STAI,ScanTech AI Systems Inc. Common stock,$0.3976,-0.0231,-5.491%,25640280.00,United States,,1130764,Industrials,Electrical Products
STLD,Steel Dynamics Inc.,$155.07,-0.34,-0.219%,22645625585.00,United States,1996,1079534,Industrials,Steel/Iron Ore
STRL,Sterling Infrastructure Inc. Common Stock,$332.82,-5.84,-1.724%,10224021722.00,United States,,510538,Industrials,Military/Government/Technical
SWBI,Smith & Wesson Brands Inc. Common Stock,$8.30,-0.17,-2.007%,368036782.00,United States,,542476,Industrials,Ordnance And Accessories
SWIM,Latham Group Inc. Common Stock,$6.36,-0.14,-2.154%,741930729.00,United States,2021,1180947,Industrials,Plastic Products
SXC,SunCoke Energy Inc. Common Stock,$6.41,-0.34,-5.037%,542705913.00,United States,2011,1280965,Industrials,Steel/Iron Ore
SXI,Standex International Corporation Common Stock,$231.30,-1.94,-0.832%,2802661869.00,United States,,124843,Industrials,Industrial Machinery/Components
SXT,Sensient Technologies Corporation Common Stock,$92.74,-1.19,-1.267%,3939776043.00,United States,,165379,Industrials,Major Chemicals
SYM,Symbotic Inc. Class A Common Stock,$56.89,-1.29,-2.217%,33593164121.00,United States,2021,1473387,Industrials,Industrial Machinery/Components
SYPR,Sypris Solutions Inc. Common Stock,$2.05,-0.02,-0.966%,47211439.00,United States,,17070,Industrials,Industrial Machinery/Components
TAYD,Taylor Devices Inc. Common Stock,$44.82,1.68,3.894%,141070816.00,United States,,9533,Industrials,Industrial Machinery/Components
TDG,Transdigm Group Incorporated Common Stock,$1335.77,-4.83,-0.36%,75228674950.00,United States,2006,362064,Industrials,Military/Government/Technical
TDY,Teledyne Technologies Incorporated Common Stock,$499.55,-1.68,-0.335%,23454365556.00,United States,,588787,Industrials,Industrial Machinery/Components
TER,Teradyne Inc. Common Stock,$167.44,-2.53,-1.488%,26222494254.00,United States,,3516997,Industrials,Electrical Products
TEX,Terex Corporation Common Stock,$44.01,-1.74,-3.803%,2887056000.00,United States,,890686,Industrials,Construction/Ag Equipment/Trucks
TG,Tredegar Corporation Common Stock,$8.40,-0.11,-1.293%,293249821.00,United States,,268226,Industrials,Metal Fabrications
TGEN,Tecogen Inc. Common Stock,$6.23,-0.28,-4.301%,185943564.00,United States,2025,655925,Industrials,Industrial Machinery/Components
TGNA,TEGNA Inc,$19.87,-0.05,-0.251%,3200198397.00,United States,,1396136,Industrials,Broadcasting
THO,Thor Industries Inc. Common Stock,$96.39,-2.26,-2.291%,5073315112.00,United States,,536245,Industrials,Homebuilding
TKR,Timken Company (The) Common Stock,$74.42,-1.99,-2.604%,5183768859.00,United States,,526430,Industrials,Metal Fabrications
TMO,Thermo Fisher Scientific Inc Common Stock,$567.16,-11.55,-1.996%,213086582742.00,United States,,1624396,Industrials,Industrial Machinery/Components
TNC,Tennant Company Common Stock,$69.88,-2.31,-3.20%,1266642714.00,United States,,114400,Industrials,Industrial Machinery/Components
TOMZ,TOMI Environmental Solutions Inc. Common Stock,$0.7501,-0.0705,-8.591%,15058411.00,United States,,82123,Industrials,Major Chemicals
TPCS,TechPrecision Corporation Common stock,$4.49,-0.23,-4.873%,44958146.00,United States,,26321,Industrials,Metal Fabrications
TRMB,Trimble Inc. Common Stock,$75.55,-2.01,-2.592%,17974928679.00,United States,1990,1262143,Industrials,Industrial Machinery/Components
TRN,Trinity Industries Inc. Common Stock,$25.06,-0.40,-1.571%,2009323906.00,United States,,644669,Industrials,Railroads
TRNS,Transcat Inc. Common Stock,$53.20,-1.09,-2.008%,496271518.00,United States,,84588,Industrials,Electrical Products
TROX,Tronox Holdings plc Ordinary Shares (UK),$3.12,-0.25,-7.418%,494683263.00,United States,,3850689,Industrials,Major Chemicals
TRS,TriMas Corporation Common Stock,$31.44,0.20,0.64%,1277899896.00,United States,2007,1100207,Industrials,Industrial Specialties
TSE,Trinseo PLC Ordinary Shares ,$0.9601,-0.0139,-1.427%,34557445.00,United States,2014,304113,Industrials,Major Chemicals
TSLA,Tesla Inc. Common Stock,$408.92,4.57,1.13%,1359993973770.00,United States,2010,101721534,Industrials,Auto Manufacturing
TWI,Titan International Inc. (DE) Common Stock,$7.45,-0.12,-1.585%,476438630.00,United States,,536739,Industrials,Steel/Iron Ore
TWIN,Twin Disc Incorporated Common Stock,$14.76,-0.35,-2.316%,212367338.00,United States,,22540,Industrials,Industrial Machinery/Components
TXG,10x Genomics Inc. Class A Common Stock,$15.70,-0.19,-1.196%,1986882901.00,United States,2019,2332990,Industrials,Biotechnology: Laboratory Analytical Instruments
TXT,Textron Inc. Common Stock,$80.06,-0.66,-0.818%,14108498564.00,United States,,948521,Industrials,Aerospace
UAMY,United States Antimony Corporation Common Stock,$6.85,-0.53,-7.182%,959243887.00,United States,,8655263,Industrials,Metal Fabrications
UAN,CVR Partners LP Common Units representing Limited Partner Interests,$97.46,-1.71,-1.724%,1030116822.00,United States,2011,71474,Industrials,Agricultural Chemicals
UAVS,AgEagle Aerial Systems Inc. Common Stock,$1.14,-0.10,-8.065%,38796860.00,United States,,1354440,Industrials,Aerospace
ULH,Universal Logistics Holdings Inc. Common Stock,$13.61,-0.55,-3.884%,358352089.00,United States,2005,44486,Industrials,Trucking Freight/Courier Services
UNP,Union Pacific Corporation Common Stock,$221.00,-2.02,-0.906%,131088556469.00,United States,,2921113,Industrials,Railroads
UPS,United Parcel Service Inc. Common Stock,$94.19,-1.79,-1.865%,79909439570.00,United States,1999,6476822,Industrials,Trucking Freight/Courier Services
USLM,United States Lime & Minerals Inc. Common Stock,$116.64,-2.80,-2.344%,3340499499.00,United States,,57948,Industrials,Mining & Quarrying of Nonmetallic Minerals (No Fuels)
UVV,Universal Corporation Common Stock,$52.17,-0.75,-1.417%,1300136656.00,United States,,164581,Industrials,Farming/Seeds/Milling
VATE,INNOVATE Corp. Common Stock,$4.77,-0.38,-7.379%,65134646.00,United States,,35468,Industrials,Metal Fabrications
VEEE,Twin Vee PowerCats Co. Common Stock,$1.87,0.14,8.092%,4183749.00,United States,2021,15521128,Industrials,Marine Transportation
VFC,V.F. Corporation Common Stock,$14.25,-0.72,-4.81%,5567827802.00,United States,,5562983,Industrials,Garments and Clothing
VGAS,Verde Clean Fuels Inc. Class A Common Stock,$3.06,0.00,0.00%,136321840.00,United States,2021,8326,Industrials,Major Chemicals
VGASW,Verde Clean Fuels Inc. Warrant,$0.0875,-0.0025,-2.778%,3898092.00,United States,2021,100,Industrials,Major Chemicals
VLTO,Veralto Corp Common Stock ,$98.07,-0.71,-0.719%,24350520624.00,United States,2023,1698909,Industrials,Electrical Products
VMC,Vulcan Materials Company (Holding Company) Common Stock,$280.08,-0.50,-0.178%,37007223872.00,United States,,1383503,Industrials,Mining & Quarrying of Nonmetallic Minerals (No Fuels)
VMI,Valmont Industries Inc. Common Stock,$390.69,-7.00,-1.76%,7696451961.00,United States,,189535,Industrials,Metal Fabrications
VNT,Vontier Corporation Common Stock ,$34.70,-1.20,-3.343%,5034970000.00,United States,2020,1193992,Industrials,Industrial Machinery/Components
VOYG,Voyager Technologies Inc. Class A Common Stock,$18.10,-1.77,-8.908%,1077814836.00,United States,2025,1820143,Industrials,Military/Government/Technical
VRSK,Verisk Analytics Inc. Common Stock,$219.10,3.26,1.51%,30536530087.00,United States,2009,1373197,Industrials,Diversified Commercial Services
VVV,Valvoline Inc. Common Stock,$31.32,-0.12,-0.382%,3981236288.00,United States,2016,2369732,Industrials,Major Chemicals
WAB,Westinghouse Air Brake Technologies Corporation Common Stock,$199.58,-4.34,-2.128%,34118835066.00,United States,,1395393,Industrials,Railroads
WAT,Waters Corporation Common Stock,$377.98,-1.42,-0.374%,22502941025.00,United States,1995,563778,Industrials,Biotechnology: Laboratory Analytical Instruments
WDFC,WD-40 Company Common Stock,$195.35,-2.79,-1.408%,2642662567.00,United States,1973,70280,Industrials,Major Chemicals
WERN,Werner Enterprises Inc. Common Stock,$23.67,-0.68,-2.793%,1416183603.00,United States,1986,639021,Industrials,Trucking Freight/Courier Services
WGO,Winnebago Industries Inc. Common Stock,$32.55,-1.00,-2.981%,912394077.00,United States,,379877,Industrials,Homebuilding
WKHS,Workhorse Group Inc. Common Stock,$0.5512,-0.0678,-10.953%,13208320.00,United States,,1745688,Industrials,Auto Manufacturing
WLK,Westlake Corporation Common Stock,$59.05,-3.51,-5.611%,7574533641.00,United States,2004,1037740,Industrials,Major Chemicals
WLKP,Westlake Chemical Partners LP Common Units representing limited partner interests,$17.92,-0.62,-3.344%,631606152.00,United States,2014,131380,Industrials,Major Chemicals
WNC,Wabash National Corporation Common Stock,$7.54,-0.04,-0.528%,305495443.00,United States,1991,586163,Industrials,Construction/Ag Equipment/Trucks
WOR,Worthington Enterprises Inc. Common Shares,$52.66,-1.86,-3.412%,2615361849.00,United States,,94417,Industrials,Steel/Iron Ore
WRAP,Wrap Technologies Inc. Common Stock,$2.195,-0.225,-9.298%,113150261.00,United States,,229365,Industrials,Ordnance And Accessories
WS,Worthington Steel Inc. Common Shares,$30.85,-0.82,-2.589%,1568199808.00,United States,2023,188006,Industrials,Steel/Iron Ore
WSC,WillScot Holdings Corporation Class A Common Stock,$16.26,-1.31,-7.456%,2958436903.00,United States,2015,3188729,Industrials,Misc Corporate Leasing Services
WTS,Watts Water Technologies Inc. Class A Common Stock,$265.34,-4.50,-1.668%,8849864058.00,United States,1986,180089,Industrials,Metal Fabrications
XPEL,XPEL Inc. Common Stock,$40.28,0.09,0.224%,1114894048.00,United States,,286901,Industrials,Industrial Specialties
XYL,Xylem Inc. Common Stock New,$140.99,-1.74,-1.219%,34326703192.00,United States,2011,1569133,Industrials,Fluid Controls
YHGJ,Yunhong Green CTI Ltd. Common Stock,$4.91,-0.516,-9.51%,13619667.00,United States,,2964,Industrials,Specialty Chemicals
ZBRA,Zebra Technologies Corporation Class A Common Stock,$232.71,-7.85,-3.263%,11789144916.00,United States,1991,628964,Industrials,Industrial Machinery/Components
ZEUS,Olympic Steel Inc. Common Stock,$33.65,-0.33,-0.971%,376799947.00,United States,1994,302809,Industrials,Metal Fabrications
ZWS,Zurn Elkay Water Solutions Corporation Common Stock,$44.85,-1.23,-2.669%,7505684187.00,United States,2012,702306,Industrials,Industrial Machinery/Components
